Student ID,Name,Class,PIN
"CS24023","Aditya Pandey","CSE-B",4962
"CS24003","Aman Gupta","IT-A",8839
"CS24006","Ananya Singh","IT-A",2638
"CS24011","Arjun Reddy","CSE-B",7917
"CS24013","Dev Malhotra","CSE-A",4768
"CS24020","Divya Chauhan","CSE-B",8919
"CS24017","Harsh Agarwal","CSE-B",5130
"CS24012","Isha Kapoor","IT-A",1654
"CS24007","Karan Joshi","CSE-A",1371
"CS24018","Kavya Menon","IT-A",6993
"CS24016","Meera Desai","CSE-A",1887
"CS24008","Neha Kulkarni","CSE-B",4888
"CS24021","Nikhil Bansal","IT-A",3831
"CS24010","Pooja Nair","CSE-A",5389
"CS24002","Priya Verma","CSE-B",6248
"CS24001","Rahul Sharma","CSE-A",9959
"CS24014","Riya Jain","CSE-B",4108
"CS24005","Rohan Mehta","CSE-B",2426
"CS24015","Siddharth Iyer","IT-A",1576
"CS24024","Simran Kaur","IT-A",4048
"CS24004","Sneha Patil","CSE-A",4091
"CS24022","Tanvi Shah","CSE-A",9018
"CS24009","Vikram Rao","IT-A",9575
"CS24019","Yash Thakur","CSE-A",3489